sl,Area,Rainfall,Population,Groundwater,Temperature,Agricultural,Industrial,Residential
1,Brumado,1973.35,151675,57.13,29,15.09,7.99,86.9
2,Bambang,1874.54,212002,28.36,18,1.08,20.89,51.01
3,Tsurugi-asahimachi,953.37,147627,57.0,37,12.15,15.94,65.11
4,Louisville,1187.27,228367,21.35,36,20.36,12.36,50.28
5,Haokou,1228.56,189858,41.47,31,28.81,24.23,54.31
6,Peña Blanca,1239.18,137842,15.73,39,20.43,18.41,64.36
7,Athmuqam,992.42,215575,33.06,40,7.93,6.57,80.71
8,Guazhou,811.73,162757,55.07,20,38.22,8.01,80.67
9,Stryszawa,1765.5,120014,53.59,35,30.28,5.49,68.81
10,Longquan,1373.96,232699,56.26,32,20.91,18.79,80.29
11,Mizoch,1972.4,200998,34.4,22,5.33,4.98,72.87
12,Spånga,1037.08,193490,39.18,30,22.31,5.16,78.97
13,Doom,727.41,151223,30.42,39,22.57,19.61,69.53
14,Gaolong,1181.15,159154,38.01,38,7.52,3.49,78.85
15,Omu Aran,1956.34,116397,31.11,34,9.93,4.54,62.63
16,Donostia-San Sebastian,1892.68,207771,24.3,31,16.57,4.32,62.43
17,El Sombrero,1484.86,143095,47.09,20,13.96,6.74,87.1
18,Williston,1767.35,73104,59.05,27,48.61,24.71,66.87
19,Zagreb - Centar,1121.53,175851,36.28,29,15.22,21.83,52.01
20,Leuwayang,1515.74,73568,17.81,21,9.4,6.7,86.49
21,Al Wardānīn,813.25,178847,41.6,19,29.84,9.31,80.66
22,Dobříš,1734.09,202979,32.78,32,9.04,1.07,61.02
23,Pengjia Zhaizi,1333.46,151300,28.83,27,11.71,10.74,85.96
24,San Luis,942.96,180465,32.0,39,30.27,10.8,70.99
25,Kousa,1595.24,68955,33.91,26,5.81,4.79,89.55
26,Masallātah,1396.07,123576,46.12,35,43.75,15.94,57.04
27,Malabor,1796.46,156697,54.72,37,29.55,9.35,67.57
28,Lebao,1238.0,156042,19.26,23,10.84,3.11,58.97
29,Camino Real,1956.84,243191,53.74,33,11.26,17.28,58.95
30,Gjinoc,1534.13,122944,40.47,26,31.31,22.61,51.08
31,Aūa,1309.03,112071,18.17,27,15.36,20.98,54.97
32,Marugame,906.01,182980,44.93,29,47.19,6.49,50.19
33,Zhaolingpu,1688.04,184838,40.56,26,9.09,3.08,50.24
34,Darmasari,1721.86,115282,43.02,33,32.64,12.03,70.48
35,Naikolan,1400.06,122394,51.05,19,33.26,4.74,77.05
36,Stockholm,1172.13,85364,38.72,19,18.14,11.53,74.51
37,Zhoutian,1390.81,229273,35.7,35,16.53,23.73,65.06
38,Calvário,1910.42,56326,45.69,24,38.7,5.55,67.11
39,Além Paraíba,1950.13,150932,37.69,22,44.69,12.61,72.22
40,Kuangsan,1662.97,160063,56.98,31,14.23,16.4,71.68
41,Wanbu,1958.06,224625,49.23,25,33.73,8.28,69.71
42,Houston,1208.73,173581,43.55,26,35.28,13.76,61.14
43,Changping,1870.87,193102,49.83,20,4.5,2.37,85.37
44,Kunów,917.22,57422,30.64,34,2.82,17.75,62.6
45,Várzea,1815.43,174124,21.54,19,36.72,19.7,80.47
46,Hawassa,1132.14,124546,58.0,21,42.29,23.53,53.33
47,Yunchi,1720.7,215663,40.58,36,43.98,2.45,55.02
48,Tanjiaqiao,854.58,235108,27.03,23,6.43,7.17,61.91
49,Muzayri‘,1286.51,209781,55.09,33,35.57,23.51,80.86
50,Bashtanka,1379.23,85120,39.79,21,45.97,1.88,85.97
51,Hai Riêng,972.6,110876,30.8,40,48.86,12.9,85.06
52,Chengnan,1436.66,111346,59.74,22,9.29,7.41,62.13
53,Wulan Haye,753.58,91433,31.4,23,46.61,15.3,89.04
54,Niort,1737.21,223380,15.44,33,22.67,11.55,62.97
55,Uddevalla,1638.8,239986,36.26,30,2.64,23.06,84.61
56,Lagoa da Prata,859.15,115247,18.32,29,7.77,17.91,66.31
57,Wangcheng,1083.7,178932,43.05,32,27.0,22.34,69.08
58,Walichnowy,1064.79,116698,41.58,23,19.56,22.32,85.61
59,Shishan,1081.06,153054,42.07,23,15.7,5.71,59.19
60,Yacuíba,1475.36,70633,20.25,37,49.36,9.25,61.17
61,Aucallama,1911.4,169180,42.35,29,42.67,20.63,54.21
62,Villa Carlos Paz,1298.65,191573,55.83,39,34.09,24.63,71.33
63,Belsk Duży,1563.65,140973,58.4,19,31.51,13.86,79.75
64,Saint Louis,939.82,75912,45.11,25,33.17,10.03,74.04
65,Ejidal,1383.04,69532,38.16,25,43.11,7.64,71.95
66,Xudat,1506.08,85166,40.62,19,46.39,2.27,81.9
67,La Sarrosa,1691.43,188553,17.21,23,27.45,8.75,50.67
68,Stronie,1727.92,228724,27.71,32,23.3,16.54,83.98
69,Pangkungparuk,834.28,217899,46.88,39,17.85,3.17,62.34
70,Samoljica,1507.65,216909,45.92,22,22.86,15.5,61.01
71,Mavingouni,1881.27,113685,34.11,29,48.06,12.96,65.84
72,Pandean,1926.1,96767,35.44,39,18.83,9.48,77.9
73,Warungawi,1046.98,53164,58.72,31,44.07,20.96,87.12
74,Carlton,1185.73,222015,36.85,37,23.52,23.99,71.55
75,Outeiro Seco,1336.97,170164,41.95,22,8.12,14.63,58.8
76,Mpophomeni,763.99,75961,15.21,30,43.61,14.5,69.28
77,Lom Sak,775.32,113057,22.11,32,29.0,24.42,76.19
78,Pjanići,1281.18,185944,27.79,18,28.17,2.23,79.1
79,Duy Xuyên,794.06,248276,31.55,30,30.29,21.97,52.73
80,Khánh Hải,1857.15,209675,31.44,23,14.83,1.77,62.77
81,Panggungwinong,1270.68,176483,15.53,28,23.58,8.17,54.06
82,Fengshan,1683.03,162795,49.58,36,5.44,21.54,56.41
83,Bergen,1002.76,240213,49.89,40,1.03,16.2,70.48
84,Roma,1050.67,129451,30.66,33,4.03,9.94,71.44
85,Stonewall,1349.5,232026,40.87,22,4.79,7.61,84.79
86,Xinhe,1520.75,54839,24.16,23,45.89,18.22,80.36
87,Lewolere,1916.7,116087,41.83,38,5.38,15.2,63.03
88,Jardin,1754.96,213110,31.37,39,22.56,14.3,53.84
89,Kultayevo,1104.98,206345,17.59,21,26.93,20.06,60.86
90,Guaíba,910.27,171094,35.18,20,45.5,22.53,60.37
91,Biyong,1075.69,138801,23.47,23,47.24,12.38,79.5
92,Houston,1097.09,154155,44.94,28,38.6,6.87,73.64
93,Paine,1579.49,180335,45.61,38,1.65,10.78,59.62
94,Khao Wong,891.94,231162,23.02,28,2.05,13.22,84.89
95,Xinquan,815.57,139053,20.3,21,32.68,13.3,54.42
96,Acharnés,1905.59,77059,42.74,35,27.87,23.56,77.21
97,Nakusp,956.13,91358,23.17,20,4.86,16.23,75.41
98,Longtang,755.05,136065,26.13,36,37.06,14.01,79.05
99,Tuanalepe,1374.52,245207,29.81,25,43.02,15.49,56.94
100,Junzhuang,1257.02,191476,56.75,26,12.44,15.6,59.1
101,Huangbao,723.75,249176,22.12,21,37.75,19.87,74.01
102,San Isidro,1668.96,103532,16.02,29,15.65,2.23,63.68
103,Chaowai,1232.85,184710,24.9,21,22.7,21.15,62.1
104,Pinglin,1974.77,135448,24.99,23,26.29,7.05,64.56
105,Yuanbao,1583.0,120388,33.78,34,17.09,9.51,63.16
106,Huangzhawan,1583.56,127203,19.72,31,1.67,13.52,74.08
107,Xuanhuadian,1262.1,54379,56.86,19,6.9,9.94,79.49
108,Banjarjo,1001.52,99831,43.56,30,33.65,8.78,78.3
109,Qianzhou,1341.56,53721,44.83,23,14.59,3.62,60.16
110,Reims,1342.61,88025,50.23,31,42.76,19.31,69.83
111,Belyayevka,1830.1,228705,52.71,21,18.29,6.73,77.4
112,Ekasapta,1221.58,53924,49.45,30,8.65,9.93,60.34
113,Wakayama-shi,852.86,200253,57.0,31,6.78,10.85,89.56
114,San Agustín,1873.36,206760,52.27,22,37.52,4.66,78.23
115,Mashizhai,1088.16,201766,22.38,35,5.52,21.53,79.16
116,Vaiamonte,1081.25,167643,49.74,35,18.19,21.32,55.2
117,Tonoshō,1310.09,128293,43.81,38,33.59,15.53,69.31
118,Kostinbrod,1453.63,57568,18.89,35,7.62,22.54,85.91
119,Shkodër,1063.23,73896,54.79,20,14.9,16.45,61.56
120,Shipaidong,1618.41,67218,43.88,33,24.92,18.44,89.25
121,Datan,757.51,144760,50.9,36,13.2,8.0,54.07
122,Ngaliyan,1697.63,178966,22.35,26,25.91,12.14,72.45
123,Majia,988.95,116784,46.4,23,4.59,18.09,54.13
124,Real,1654.89,80517,36.04,28,18.32,1.16,79.92
125,Palmeiros,783.76,94489,42.24,28,24.76,22.52,64.17
126,Ciparasi,1586.66,83324,44.89,29,42.04,11.48,66.65
127,Orvault,1762.86,85007,43.91,22,38.81,17.36,59.51
128,Trakan Phut Phon,1823.02,216166,23.66,25,44.43,21.81,57.07
129,Dolní Čermná,880.85,200400,51.58,40,15.11,21.03,63.87
130,Montgomery,1238.18,248329,21.14,39,38.93,12.08,60.33
131,Petit Valley,1082.79,89642,55.15,30,3.3,2.88,67.62
132,Thymianá,1350.66,76484,49.56,24,45.89,13.69,80.75
133,Cajuru,1604.31,66515,57.23,40,26.35,1.23,73.81
134,Tomaszów Mazowiecki,964.03,157913,43.39,18,22.63,23.68,89.19
135,Lorraine,831.63,187517,49.68,25,14.66,9.21,73.45
136,Radenković,882.69,182409,40.86,37,26.91,10.7,84.43
137,Ḥurfeish,1553.66,111169,16.45,28,30.75,21.32,82.76
138,Lilla Edet,1915.14,179430,51.87,21,16.2,21.59,89.16
139,Évodoula,735.55,121235,24.11,30,31.17,1.36,67.61
140,Comandante Luis Piedra Buena,1600.97,108338,27.87,33,28.72,14.34,74.56
141,Kotabunan,1428.27,61644,45.47,27,16.74,21.48,75.42
142,Niono,1553.42,76238,51.89,36,10.26,9.26,56.22
143,São Domingos,1239.65,245562,22.26,29,10.96,18.5,78.47
144,Arcos,834.74,202608,36.81,24,46.52,14.21,71.56
145,Grand Forks,1232.33,104508,35.06,22,22.89,10.43,54.07
146,Orlu,1788.28,61157,24.79,38,11.36,6.54,56.48
147,San Pedro,775.09,230738,22.95,18,49.9,3.59,85.0
148,Guoduwan,970.72,197094,30.33,37,43.91,23.08,69.58
149,Dafeng,1445.35,138423,26.56,30,1.59,2.93,74.4
150,Sabang,1035.16,228760,45.63,22,43.6,14.73,55.43
151,Clifden,1085.16,169459,44.77,29,46.41,3.01,66.53
152,Tālīn,1216.51,221366,44.27,24,37.53,5.26,86.69
153,Tabivere,1659.77,155884,56.02,26,34.45,1.77,77.47
154,Anyang,769.38,58365,57.36,19,26.65,17.5,81.46
155,Cuozheqiangma,1295.09,87302,20.63,22,33.06,5.12,67.0
156,Aseri,1692.78,156045,23.6,32,26.07,23.05,54.28
157,Kitwe,944.2,150520,18.63,35,25.88,11.53,84.79
158,Kochetok,974.75,68146,23.02,39,37.01,20.85,76.13
159,Pedro Leopoldo,1964.67,219521,27.44,27,32.37,24.45,63.85
160,Shuigou,1634.69,101745,37.33,31,17.86,19.14,75.12
161,Tavira,1301.7,218123,41.87,29,6.2,6.58,72.91
162,Yulong,1134.77,182684,28.7,40,5.09,10.1,63.27
163,Nauchnyy Gorodok,1162.7,134918,28.94,37,40.25,5.98,54.25
164,Polazna,1005.86,241976,55.69,31,38.58,10.39,62.03
165,Heshui,1504.23,172548,44.66,27,40.07,23.26,62.26
166,Niños Heroes,1387.79,54271,37.18,28,9.95,11.36,65.5
167,Yiliu,1296.29,104212,19.05,20,16.9,13.94,62.9
168,Sankt Andrä-Höch,1703.32,126246,45.41,40,27.84,11.69,69.75
169,Qianzhou,1208.07,159486,22.39,25,28.07,18.11,53.0
170,Sawin,1590.01,234586,47.18,39,25.41,3.31,52.36
171,Kamwenge,1386.74,162691,33.59,38,43.82,9.76,58.18
172,Zwedru,1062.05,234608,34.67,28,44.5,24.05,76.73
173,Nangang,941.18,167080,51.96,34,44.17,6.07,80.74
174,Polel Diaoubé,1419.57,106972,51.09,38,43.48,12.96,71.77
175,Henggang,863.87,245636,36.69,18,37.7,21.69,61.54
176,Waiwukak,868.86,152875,22.96,25,11.87,17.87,79.65
177,Mantalongon,1513.49,57212,46.24,31,14.28,20.22,76.1
178,Montpellier,1214.79,70030,46.35,24,28.68,4.62,75.94
179,Oemofa,749.89,157124,45.64,38,24.29,16.04,63.97
180,San Juan Opico,1435.05,115470,20.28,19,41.81,23.99,51.3
181,Zhaobaoshan,1675.53,171287,44.45,32,34.72,18.18,52.01
182,Wewit,784.9,169472,44.27,23,38.54,9.22,73.17
183,Eirunepé,1414.75,189406,56.37,19,47.15,18.9,80.82
184,Chenôve,1341.24,98397,56.4,18,17.32,24.26,55.1
185,Danxi,1666.4,181879,43.44,37,44.07,10.95,64.2
186,Ashibetsu,861.78,186564,23.39,21,6.52,4.64,71.45
187,Currais,1907.01,234658,32.49,35,9.81,17.46,74.57
188,Haoshui,1780.54,151643,19.56,21,19.18,8.11,86.44
189,San Isidro,998.14,186479,23.31,29,44.52,9.06,72.06
190,Gogaran,1455.89,85272,25.17,26,46.94,21.79,67.49
191,Kedungsinggil,1718.93,152488,59.5,32,9.17,24.39,75.54
192,Nova Iguaçu,1510.36,81568,30.11,26,35.93,4.01,82.68
193,Yandian,1309.08,120278,19.13,36,32.84,5.42,79.56
194,East Migpulao,1679.75,103624,23.45,24,37.05,14.38,55.05
195,Dongping,1941.81,195924,27.21,37,48.58,17.39,79.32
196,Chaloem Phra Kiat,1336.22,119020,25.75,32,12.14,6.92,72.66
197,Concepción,1011.43,187204,44.06,40,37.35,20.95,87.34
198,Lityn,1998.88,51778,42.29,27,20.02,23.12,74.76
199,Padre Paraíso,1616.24,109655,22.74,40,17.66,18.43,88.52
200,Yang Chum Noi,861.9,228432,19.25,38,17.43,22.94,72.68
201,Banī Zayd,836.38,202040,50.45,28,46.37,24.89,78.31
202,Luxi,1774.79,107527,47.79,33,32.07,8.38,66.8
203,Patrocínio,1381.97,53693,41.49,27,26.6,24.92,64.96
204,Randuagung,1195.91,146839,56.12,40,5.04,12.19,72.78
205,Zasip,761.32,183930,26.33,19,28.87,10.25,69.97
206,Dingcheng,789.89,235631,35.51,38,44.86,22.13,77.85
207,Lalapanzi,1840.02,199031,28.4,40,20.71,5.38,58.79
208,Samashki,1677.01,72434,33.08,28,43.81,11.83,53.77
209,København,1477.23,50756,28.08,37,30.74,22.08,64.43
210,Mamedkala,1637.55,183478,50.23,38,4.78,7.75,81.21
211,Borucin,973.83,99204,38.01,40,40.17,9.53,68.47
212,Yueyang,706.59,163736,35.03,37,40.56,15.1,55.02
213,Muranovo,1758.34,242126,39.27,25,2.31,16.44,76.68
214,Nanyuan,1893.92,179687,53.44,31,9.78,24.21,60.11
215,Dalam,938.4,248015,57.43,21,19.21,1.36,63.36
216,Gar,1056.23,233365,15.5,37,5.54,14.85,86.1
217,Malibong East,1889.32,212818,19.12,19,20.39,19.77,74.85
218,Karangagung Timur,720.2,104403,46.15,18,33.2,3.61,80.17
219,Spanish Wells,1659.12,60494,26.37,29,34.13,3.05,87.52
220,Jianggang,1189.58,99885,54.4,34,1.97,11.26,68.63
221,Bongao,1903.19,146663,30.03,22,15.32,2.48,74.23
222,Pagsanahan Norte,1349.05,61404,45.46,34,29.0,20.95,89.93
223,Huanglian,1291.6,221797,32.42,21,8.97,3.06,55.09
224,Ostrów Lubelski,1276.79,76240,40.43,36,12.48,10.46,57.84
225,Gabrovo,1690.08,113429,32.28,26,7.97,18.21,57.77
226,Mayisyan,948.61,214407,51.94,38,17.89,6.3,80.05
227,Donghoufang,1950.56,61739,53.21,27,23.04,18.04,71.95
228,Makrychóri,1292.41,229724,55.1,20,14.52,17.08,55.09
229,Pyhäntä,982.17,141655,48.2,19,15.14,11.78,74.52
230,Höllviken,1037.77,218473,47.72,38,20.25,22.48,72.4
231,Västerås,1888.38,244822,33.77,33,14.96,4.79,50.25
232,Altona,1232.52,164663,32.11,27,33.65,9.46,51.6
233,Xuetian,1108.46,247367,17.0,34,14.02,15.12,69.36
234,Mixco,1373.44,197576,25.25,21,8.71,1.32,72.67
235,Columbia,822.74,139618,53.05,38,30.87,8.56,56.49
236,Oslo,1303.4,139277,26.55,18,22.85,5.37,79.0
237,Bochum,1325.64,139979,24.35,37,47.59,11.8,60.75
238,Luodian,1628.1,249490,20.89,35,3.07,9.1,70.13
239,São Joaquim da Barra,897.97,230572,24.64,22,39.31,1.57,69.53
240,Denpasar,1682.32,96348,31.98,21,23.23,2.88,57.92
241,Sergiyev Posad,1360.5,76410,17.59,37,24.2,4.15,84.05
242,La Esperanza,1654.58,88663,25.47,40,36.92,6.98,69.62
243,Bayan Huxu,1642.89,127298,15.08,28,41.69,24.38,54.08
244,Sanjia,1736.02,134765,53.28,30,38.66,13.38,70.65
245,Huacheng,888.72,68582,42.07,38,26.72,5.42,56.52
246,Nueve de Julio,1733.31,244068,50.4,36,29.02,2.58,56.9
247,Houjiachuan,1885.67,234626,34.03,38,49.81,13.54,68.7
248,Krajan Bakalan,1786.91,52663,46.89,22,18.32,22.47,75.57
249,Gorzyce,860.33,227364,44.87,30,29.7,14.16,64.67
250,Muzambinho,1906.69,109738,27.73,30,43.12,7.04,73.82
251,Uspenka,1377.58,102896,21.07,40,28.4,1.37,84.0
252,Huanglong,1839.27,182153,49.05,26,40.24,8.25,58.06
253,Akhmīm,1984.69,155655,55.69,30,37.02,15.65,61.04
254,Afanas’yeva,1263.79,149458,31.75,40,6.58,7.58,84.77
255,Tvøroyri,1052.97,229368,39.86,20,46.38,11.71,78.09
256,Sovetskoye,1762.5,129782,45.07,31,33.73,16.5,73.18
257,Tukbur,1071.21,224566,48.89,27,35.01,1.45,88.03
258,Valdosta,883.09,234569,29.87,18,29.96,8.94,80.83
259,Kedungwringin Satu,761.55,242695,15.09,19,21.01,20.84,66.55
260,Yanzhao,1191.9,240012,31.93,29,3.4,12.06,78.99
261,Sunampe,732.0,217617,54.33,40,20.29,24.03,72.11
262,Aourir,763.79,246479,43.22,34,7.83,10.93,54.75
263,Ponta Grossa,1555.95,217839,36.32,19,2.35,14.62,85.17
264,Minneapolis,1300.7,248391,52.4,39,12.15,11.85,72.09
265,Lipno,732.5,237192,59.15,39,25.18,14.85,56.72
266,Nagorsk,1502.98,108768,38.04,36,35.26,5.85,53.54
267,Santa Cruz,1379.27,219699,36.45,18,17.75,5.88,81.77
268,Wąsosz,1337.41,210235,49.6,30,45.38,6.37,81.1
269,Muzaffargarh,1034.68,216047,56.57,36,29.68,22.54,63.83
270,Dayr Sharaf,1714.64,248064,51.91,35,36.52,22.19,81.76
271,Nevinnomyssk,769.91,197709,38.8,31,33.83,14.31,56.6
272,Chinú,1980.27,206757,35.1,33,10.65,2.73,57.96
273,Alilem,1711.34,207022,38.82,33,11.97,19.85,54.83
274,Tīkāpur,1027.18,159441,44.91,24,46.5,11.7,65.92
275,Rios Frios,1350.71,86941,57.48,23,30.21,13.99,70.95
276,Hexia,1190.35,77509,55.2,40,13.96,15.07,81.93
277,Novobiryusinskiy,895.6,101771,28.7,40,8.33,1.83,72.79
278,Sembabule,1337.07,167672,48.36,32,20.23,13.84,58.41
279,Andou,962.32,206633,19.46,32,37.23,22.19,66.16
280,Daejeon,1583.9,153162,52.63,26,34.07,22.0,67.73
281,Dimitrovgrad,1589.82,241477,30.52,35,5.82,5.24,70.4
282,Dagda,1037.18,121104,39.53,30,17.12,20.34,87.91
283,Balakliya,1526.87,76422,21.4,30,26.54,13.21,85.17
284,Barra dos Coqueiros,1269.38,249346,37.06,35,15.54,20.24,85.6
285,Niños Heroes,1180.38,177757,28.67,35,3.69,16.93,63.98
286,Dubreuil,1707.66,144816,48.27,27,10.81,18.65,82.89
287,San Juan,932.79,224193,27.53,34,9.49,20.57,62.64
288,Gelatik,1996.69,191545,40.41,31,6.44,16.17,71.54
289,Mabugang,1690.38,162067,50.1,39,46.23,7.73,67.91
290,Kurume,1532.61,224540,55.35,21,19.06,3.79,67.44
291,Đình Lập,972.31,207970,41.0,37,24.77,2.82,80.36
292,Growong Lor,1436.4,237593,34.15,33,5.93,16.49,69.61
293,Tanxi,915.73,110072,43.99,33,18.99,13.22,74.5
294,Frankfort,748.64,88465,16.18,36,11.02,21.09,78.17
295,Makariv,942.21,234363,40.64,18,18.93,4.45,64.86
296,São Mamede,1575.62,172402,42.41,26,14.26,17.47,53.73
297,Tsimkavichy,1296.5,185690,24.13,40,7.83,9.63,80.6
298,Pagsabangan,1391.11,218007,21.12,18,13.53,10.43,66.14
299,Ulee Gle,880.12,92928,48.45,20,8.18,3.3,55.28
300,Midrand,1904.07,164121,41.11,38,10.09,6.99,58.97
301,Huya,1393.38,84124,22.17,26,23.81,11.76,77.96
302,Złocieniec,1446.44,141015,15.33,30,33.81,2.94,89.59
303,Vicuña Mackenna,1854.47,196967,15.82,19,49.73,13.84,74.4
304,Quartier Morin,1231.04,105909,36.17,24,6.72,9.08,68.76
305,Kaesŏng,1919.77,123207,39.74,34,4.4,13.65,61.0
306,Xiling,1434.13,64244,51.95,29,21.07,13.5,88.38
307,Šmartno pri Litiji,892.62,239480,34.21,24,47.27,6.19,86.05
308,Registro,1690.44,194486,39.01,34,29.49,16.23,78.51
309,Fort Myers,993.3,63380,49.02,18,13.77,12.61,83.06
310,Shima,725.47,74100,35.26,22,15.38,2.36,54.66
311,Shebekino,1693.29,127502,42.23,33,41.57,10.97,55.46
312,Peixing,911.18,230228,56.57,34,44.33,18.97,68.44
313,Lingbei,1470.96,207084,55.39,29,33.36,4.11,61.36
314,Calaoagan,1511.2,144064,31.23,32,9.94,6.0,68.64
315,Saint Hubert,875.65,139642,55.0,20,47.72,13.37,55.54
316,Jinquan,1278.36,138255,32.73,31,30.91,15.6,72.35
317,La Paz de Oriente,1465.49,122970,35.49,33,45.7,14.46,68.96
318,Partille,1549.22,207797,22.03,35,18.64,13.82,61.3
319,Xianshuigu,1790.02,218873,20.36,23,18.78,19.85,50.32
320,Grzybowa Góra,1037.06,119638,44.79,18,40.09,8.91,56.29
321,Amirdzhan,1138.23,242095,53.73,19,27.94,22.72,89.62
322,Banatska Topola,1022.07,154563,57.56,37,2.32,1.2,60.7
323,Bodø,1371.88,178737,56.41,33,10.27,20.82,70.5
324,Yudong,1492.69,83674,32.04,39,39.7,1.82,53.89
325,Trujillo,1569.56,133259,17.42,24,7.97,20.72,74.15
326,Nybro,1037.83,112953,56.9,19,42.01,6.17,85.19
327,Dapchi,1775.76,96404,57.85,32,21.18,8.4,57.95
328,Estefania,869.65,101573,47.2,37,47.93,7.95,73.53
329,Kapuan,1925.21,186618,22.9,31,33.94,1.1,79.7
330,Daidaon,880.72,108083,20.6,31,23.63,9.75,65.49
331,Babao,1992.16,246884,56.77,40,21.16,2.06,50.58
332,Namerikawa,885.6,50176,54.99,40,36.81,11.34,82.41
333,Daye,1107.95,59111,34.14,32,17.84,1.48,76.91
334,Kamojimachō-jōgejima,863.93,77672,58.38,38,43.72,17.99,51.07
335,Moulins,763.74,227448,18.71,22,41.88,14.72,62.54
336,Novotitarovskaya,772.78,99127,24.1,22,36.7,18.32,50.87
337,Sambongpari,1318.7,211062,42.7,37,25.14,15.6,53.65
338,Lille,1828.07,231967,16.8,40,1.2,21.48,54.62
339,Halamendu,1231.32,226582,24.68,31,13.57,15.88,79.33
340,Antipolo,1043.24,239838,42.95,23,7.59,3.46,56.01
341,Ban Tak,1043.48,227808,53.91,18,23.66,23.87,61.71
342,Xarardheere,1007.11,119524,38.4,27,28.3,5.53,75.4
343,Hou’an,1840.8,72029,26.45,19,48.09,16.81,51.21
344,Kluczbork,1617.1,108172,46.67,33,36.9,17.74,75.58
345,San Vicente de Moravia,1110.91,108031,41.77,20,28.01,18.34,58.71
346,Zhangdiyingzi,1318.82,147382,56.27,24,27.96,2.87,82.06
347,Shengrenjian,1405.37,225663,47.58,30,4.69,2.65,85.23
348,Nanpiao,1297.31,168084,33.96,31,15.39,15.39,63.24
349,Nesterov,1144.1,177636,47.63,33,34.41,16.45,73.47
350,El Regalo,1061.06,225236,52.92,22,14.47,3.46,60.07
351,Al Jawādīyah,1025.0,225691,33.72,23,4.97,7.88,84.78
352,Farkhah,1607.8,172878,53.15,32,18.75,24.62,80.48
353,Brades,1421.27,245349,29.56,25,13.56,1.21,75.28
354,Mestre,1196.97,101364,18.21,28,40.0,1.62,89.28
355,Itaporanga,1737.91,64263,52.19,19,46.76,20.87,50.32
356,Yinji,988.27,123072,44.47,38,3.95,17.85,62.57
357,Youludu Sibage,1098.49,194992,27.23,36,46.18,8.45,51.19
358,Santa Cruz de Yojoa,1306.47,122682,23.59,20,3.8,22.03,66.89
359,Ḩalḩūl,916.93,220839,25.27,19,49.6,5.48,84.77
360,Soure,1290.22,139954,59.04,31,25.2,12.78,66.25
361,Humaitá,864.23,100691,29.55,25,30.03,12.01,50.27
362,Apartadó,711.11,113735,39.51,29,28.94,15.62,83.75
363,Kayukembang,1404.6,218786,25.11,32,5.74,12.85,56.94
364,Bayt ‘Anān,845.88,109814,33.55,18,43.04,18.58,74.06
365,Litvínovice,997.07,58119,15.29,39,21.52,8.7,52.92
366,Qingxi,1881.99,129421,48.71,36,47.98,9.7,66.36
367,Delgado,1466.36,168916,52.49,30,20.56,24.26,86.16
368,Red Hill,911.67,212295,54.82,24,22.94,9.44,68.9
369,Liuzhou,1271.37,161675,56.69,39,8.31,6.5,86.14
370,Shnogh,1330.63,188009,45.28,40,7.04,22.04,59.97
371,Quisao,1375.99,93402,21.48,19,13.94,8.69,59.39
372,Lugui,1874.14,171291,21.63,39,4.29,17.71,84.47
373,Viraco,1073.9,54315,53.45,21,17.84,2.37,87.36
374,Lianga,792.31,126054,59.5,31,46.0,20.59,79.81
375,New Washington,1782.38,199296,38.84,21,15.98,17.53,70.47
376,Banjar Cemenggon,1695.69,174086,49.78,38,34.74,23.7,86.67
377,Uyovu,1755.55,151978,36.77,21,25.99,9.92,73.26
378,Jendouba,1391.97,108406,41.02,23,11.88,11.53,55.66
379,Mkiriwadjumoi,1766.81,122369,23.36,38,5.96,7.78,50.84
380,Fucheng,1271.56,102236,30.69,18,46.1,4.61,84.73
381,Forshaga,1053.1,157032,55.26,28,3.47,21.29,88.94
382,Cruces,1891.72,237517,25.12,31,44.11,21.83,67.3
383,Mbaïki,1066.59,241814,44.54,23,22.81,7.27,61.65
384,Monte Branco,1730.48,222454,31.34,40,16.96,10.42,65.93
385,Sérvia,1287.92,72991,17.43,26,29.95,3.75,64.98
386,Sukaraja,1314.56,77011,23.72,19,32.68,12.51,57.95
387,Paris 10,1199.44,92349,51.07,37,16.55,7.28,65.44
388,Saintes,1187.27,229650,43.99,21,39.96,21.11,83.57
389,Aubervilliers,1871.43,128147,33.72,23,13.24,22.84,85.43
390,Aix-en-Provence,1633.11,190464,54.62,38,18.35,4.3,71.86
391,Daoxu,1448.14,186363,37.09,21,1.55,20.13,61.3
392,Bugene,1377.18,71943,22.0,35,8.24,13.91,75.69
393,Kítsi,1626.15,131035,33.26,31,15.62,2.36,80.98
394,Cimanggu,1813.7,239655,34.55,36,5.97,9.29,62.42
395,Anilao,1445.87,153683,34.67,35,38.58,18.58,75.04
396,Baibu,1049.32,163035,20.99,20,33.16,21.26,68.86
397,Dunkerque,1060.84,51888,32.88,21,14.01,22.88,53.36
398,Marcos,1157.86,83642,18.62,29,25.16,19.25,74.63
399,Kępice,811.78,191918,56.27,20,13.03,17.95,75.57
400,Novo Selo,1754.33,192795,44.44,26,32.23,17.05,86.83
401,Sairam,1610.89,243054,56.71,22,1.01,11.32,74.04
402,Peso da Régua,1975.43,210431,57.3,20,2.52,15.72,77.56
403,Daveluyville,1096.62,134597,17.5,21,47.13,13.9,82.16
404,Ventsy,1563.85,219267,41.49,20,42.46,4.3,89.95
405,Tempursari Wetan,1101.61,210214,25.2,18,7.34,6.96,55.06
406,Barranqueras,981.37,201033,27.57,36,2.73,18.46,50.77
407,Mergayu,1086.09,92988,51.42,29,30.8,4.5,85.39
408,Västra Frölunda,1938.56,181630,19.43,26,21.04,7.64,64.51
409,Lipnica Wielka,1734.76,220945,45.69,24,18.22,5.45,78.44
410,Guocun,1380.56,83841,34.39,28,48.41,14.64,73.15
411,Pniewy,853.82,95474,55.31,20,32.58,21.49,89.66
412,Gllogjan,972.98,119441,50.77,36,29.24,1.89,66.32
413,Chepo,1333.61,233252,40.74,39,13.49,8.57,58.6
414,Nueva Loja,1941.55,97923,15.76,18,23.21,14.92,87.65
415,Gowurdak,1945.83,209852,48.24,19,33.58,20.62,67.77
416,San Ricardo,753.83,78799,15.71,28,19.94,13.51,65.75
417,Richmond,1003.4,52234,23.06,30,18.84,23.11,72.02
418,Hongshunli,1189.73,140178,37.93,21,49.24,2.72,73.8
419,Ribeirão Pires,1581.68,160273,45.05,28,15.22,18.65,50.56
420,Shirochanka,1221.49,111009,33.74,33,12.68,13.79,51.87
421,Goght’,1103.55,243028,53.79,27,24.69,24.04,86.4
422,Karlstad,1438.99,236751,26.36,34,37.5,18.5,83.8
423,Zhengdonglu,1858.75,70054,23.92,33,40.74,23.14,87.88
424,Lipovljani,1657.34,244962,20.92,36,49.83,8.7,69.03
425,Krasnyy Profintern,1480.36,130616,47.22,25,34.61,7.64,76.68
426,Shediac,842.35,215357,16.49,33,25.57,15.15,50.92
427,Yakymivka,1094.75,198092,39.64,34,20.6,6.96,62.85
428,Heping,1095.46,148798,44.65,33,37.42,19.27,84.48
429,Krueng Luak,968.06,81975,44.71,30,5.03,14.53,84.13
430,Górki,971.11,112994,57.92,24,20.23,21.7,86.3
431,Al Qurḩ,804.99,76212,40.54,38,5.88,18.48,58.0
432,Maseru,1308.79,94523,24.36,27,43.77,3.86,60.4
433,Sidomulyo,1373.39,234107,55.87,33,11.11,2.98,72.17
434,Long Beluah,981.48,148800,19.13,23,42.67,14.16,69.98
435,Gumi,1579.9,230290,17.15,22,15.4,1.19,88.78
436,Taoyuan,993.77,115374,39.91,22,45.34,2.84,87.53
437,Boksitogorsk,817.96,242428,41.98,29,38.63,17.5,76.03
438,Bejsce,1017.15,133420,28.43,19,4.21,1.98,62.71
439,Morrison,1963.19,184959,49.98,36,19.02,10.18,56.22
440,Bafoussam,715.99,67046,25.51,30,46.84,11.17,87.71
441,El Limón,951.44,56327,47.62,21,43.19,22.2,74.3
442,Quốc Oai,1259.84,166649,26.56,23,10.77,16.99,59.74
443,Porto Seguro,903.38,213214,52.54,27,11.23,22.82,77.07
444,Luanda,1155.44,237087,48.25,25,12.23,22.46,58.28
445,Brengkok,1703.84,175917,52.83,30,28.33,24.9,78.27
446,Sumber,749.29,196173,49.65,18,32.23,9.15,61.12
447,Viekšniai,1980.91,147984,55.77,38,21.71,17.84,69.46
448,Tha Muang,843.43,133343,45.51,30,37.65,15.96,79.37
449,Na Wa,1070.16,51001,20.49,20,17.0,18.14,76.81
450,Kao Liao,1401.02,162161,31.55,23,32.14,19.21,83.89
451,Tong’an,1755.02,192655,31.7,26,22.83,16.2,63.59
452,Hengduo,878.81,116004,34.94,24,34.14,11.54,57.4
453,Bocaiúva,988.54,137707,24.78,39,41.52,14.26,55.57
454,Chengxiang,1333.21,176106,36.05,30,10.24,8.31,52.83
455,Bechyně,1225.0,50714,38.48,20,40.85,10.1,51.43
456,Lāmerd,1978.3,61754,22.22,35,47.3,2.54,71.95
457,Mat-i,1117.24,246658,28.62,36,9.36,19.91,71.58
458,Cambarus,751.38,80586,51.39,18,23.51,21.16,71.14
459,Solnechnogorsk,1610.39,115512,53.8,31,11.4,1.45,59.48
460,Biên Hòa,1859.66,185696,33.07,21,11.83,8.25,71.1
461,Cikupa,1214.59,194976,29.61,37,22.32,2.87,58.52
462,Amiens,1837.96,149288,32.14,35,42.1,12.75,50.63
463,Doroslovo,765.58,66412,29.19,19,20.91,4.62,64.85
464,Thiers,1242.33,179172,55.7,34,47.36,6.47,88.82
465,Makar’yev,1227.83,152026,52.19,34,28.71,7.12,67.18
466,Santo Niño,1950.16,122561,32.78,40,18.16,5.98,89.13
467,Hrochův Týnec,1076.46,221005,38.47,33,42.13,19.08,88.42
468,Jankowice,1919.33,222084,22.23,24,46.24,9.35,68.69
469,Tanabe,1686.49,200980,34.12,26,47.65,23.95,62.24
470,Manacsac,1477.43,80998,50.83,20,30.2,24.61,56.48
471,Mtinko,1676.79,74460,55.97,39,11.11,8.78,76.68
472,Vani,1860.83,161824,15.16,36,16.87,10.75,78.36
473,La Rochelle,1710.56,104130,46.15,23,48.4,1.42,64.2
474,Capim Grosso,1826.92,146357,26.62,25,47.4,4.4,62.0
475,Västervik,815.0,83510,45.84,21,11.23,11.33,82.4
476,Pucyura,1002.79,220821,30.8,21,19.87,23.76,82.65
477,Al Ḩāḑir,1465.91,176216,24.52,22,32.85,9.15,75.85
478,Energodar,1141.07,212170,19.98,20,39.11,22.82,52.27
479,Cibungur,957.46,236989,21.56,25,44.01,19.84,70.35
480,Gogosuket,1145.25,203453,28.1,34,32.59,1.3,60.78
481,Fier-Çifçi,1691.65,121823,41.6,28,13.46,18.14,76.82
482,Ptení,798.65,73608,30.69,22,15.09,12.77,80.46
483,Taungoo,1780.77,240844,18.88,35,10.49,1.56,88.27
484,Waturoka,1575.25,208718,38.28,37,18.89,9.01,63.56
485,Pavlovskiy Posad,1796.5,127990,59.22,33,8.84,18.34,61.21
486,Gongjiahe,853.85,241660,52.15,38,30.28,12.28,83.18
487,Cilangkap,1370.73,191944,52.89,34,22.85,1.64,77.82
488,Saramech,1177.28,76256,39.78,33,7.68,17.52,74.69
489,Galatás,720.42,101243,47.57,20,8.8,10.73,55.06
490,Nixi,961.21,147729,16.32,34,45.63,4.36,54.92
491,Veiga,1997.62,192757,32.19,32,9.86,12.67,77.37
492,Sidareja,1604.74,192614,51.28,30,44.86,19.78,58.49
493,Hekou,1855.34,63351,28.62,28,19.55,23.39,55.08
494,Ríohacha,1719.5,186053,17.95,20,23.7,2.43,54.38
495,Tha Ruea,1619.23,156702,48.52,24,36.39,22.29,72.54
496,San Antonio,1288.29,231797,18.94,18,17.32,4.07,61.77
497,Partenit,1954.36,134954,23.47,24,33.96,1.5,66.29
498,Ridderkerk,1008.85,73681,28.39,40,6.29,22.4,64.25
499,Järna,1972.53,137790,52.44,31,22.28,12.43,51.82
500,Saransk,1000.44,218466,51.85,21,43.83,15.02,85.11
501,Gotse Delchev,1370.15,208849,49.08,23,48.71,10.03,77.56
502,Babirik,868.82,125135,57.04,27,1.77,12.43,73.69
503,Sumberbening,1719.45,159646,58.59,34,45.44,16.55,51.82
504,Kloangpopot,740.71,210945,41.2,24,42.63,13.43,65.95
505,Primero de Enero,1881.97,85319,59.68,30,13.2,12.17,55.91
506,Hecheng,1879.24,120837,30.76,27,15.05,18.06,69.07
507,Casal Velho,1554.97,223392,39.87,30,26.87,4.02,73.38
508,Sakchu-ŭp,1636.13,244150,26.96,24,48.8,10.19,61.69
509,Všestary,1122.65,134749,21.02,39,18.79,4.76,86.22
510,Rače,1317.11,248253,35.13,24,10.34,24.7,62.16
511,Xiehu,1186.51,91688,41.52,37,26.52,4.54,83.1
512,Benito Juarez,801.71,225277,55.94,20,40.01,10.02,88.55
513,Cicheng,1295.03,136232,48.92,28,33.96,13.37,69.55
514,Kafr Baţnā,1082.96,215614,21.83,23,10.03,9.14,87.6
515,Yaguachi Nuevo,1973.04,214343,44.28,20,13.38,9.96,79.9
516,Canjulao,964.42,204038,26.25,23,39.36,6.15,59.5
517,Mompós,706.44,195148,29.57,27,39.99,19.07,65.33
518,Gręboszów,1290.92,161736,22.75,35,45.65,23.88,71.21
519,Annapolis,760.3,188358,36.39,27,48.07,5.12,74.66
520,Dasht-e Lati,1860.46,128447,29.67,28,17.02,16.84,82.15
521,Pule,1321.64,223070,51.92,30,41.8,12.57,73.11
522,Beaverton,1842.39,143209,52.53,30,29.45,1.6,58.38
523,Baños,1324.52,112947,21.45,20,10.01,18.24,81.94
524,Ŭiju,1305.08,102637,18.04,25,15.47,3.87,73.53
525,Viekšniai,818.73,159788,47.06,20,42.21,23.25,57.81
526,Huanghuatan,1555.31,142200,29.02,22,46.45,11.38,73.39
527,Xiaoyan,747.87,215523,24.11,32,27.83,23.41,69.16
528,Dokshytsy,1974.79,62038,32.22,18,22.37,8.08,84.81
529,Bajingmeduro,1745.34,99896,51.61,18,45.69,10.83,58.36
530,Paseka,1911.47,128490,53.5,22,1.97,3.5,73.25
531,Sibulan,1415.54,120232,57.45,37,32.11,23.94,79.26
532,Jichang,1033.17,161867,47.35,22,47.43,21.75,85.43
533,Nalinggou,1278.98,177899,24.23,24,2.99,17.0,70.74
534,Yangxunqiao,1539.24,239488,53.77,30,8.27,10.2,53.97
535,Žalec,1051.52,59084,32.53,18,21.34,2.65,55.45
536,Chiang Yuen,1038.94,124393,21.36,38,4.51,14.29,50.37
537,Graz,1150.51,230920,35.41,26,10.64,19.32,70.4
538,Mohoro,1529.6,233216,50.77,22,28.4,13.41,69.17
539,Shuidong,1688.62,210765,19.13,29,24.44,8.23,55.05
540,Lindome,1497.26,184399,36.91,27,2.63,18.19,76.45
541,Cibungur,1590.76,74937,33.37,31,19.94,1.99,65.62
542,Maebashi-shi,1906.4,227611,45.69,24,43.52,3.29,71.99
543,Fu’an,1350.77,213189,34.62,40,26.52,6.31,87.87
544,Mas‘adah,1671.24,195472,38.79,34,28.44,13.18,78.44
545,Saint-Avertin,1713.85,163449,17.53,34,44.36,12.55,76.95
546,Néa Palátia,1266.79,83247,15.3,21,33.24,14.62,65.97
547,Laško,1726.13,162236,16.15,36,46.99,11.46,85.22
548,Donnybrook,1827.16,103238,38.95,22,23.83,10.45,74.4
549,Manakara,788.59,170839,49.68,23,15.31,24.07,67.6
550,Villanueva,1137.27,195830,22.71,34,49.26,1.3,74.46
551,Oslo,1136.41,170580,48.22,24,40.53,12.1,56.27
552,Urzuf,1074.16,187903,38.41,18,16.76,16.11,81.03
553,Mîndreşti,1999.01,91026,45.71,37,37.12,2.95,52.74
554,Xinrong,1184.27,206792,46.85,27,39.69,8.96,80.57
555,Komono,1546.67,202685,37.63,21,17.97,4.99,70.16
556,Hehe,1933.41,201034,56.44,23,7.6,16.54,70.22
557,Motala,1174.58,129568,52.95,33,25.34,17.05,86.38
558,Mao’ershan,1321.85,224684,37.1,25,47.76,20.65,75.67
559,Ariquemes,868.56,76306,46.39,20,28.09,21.73,75.45
560,Severomorsk,1603.01,111377,43.44,22,6.85,14.13,81.96
561,Taphan Hin,986.57,183421,47.26,34,37.87,18.23,55.57
562,Tromsø,1964.34,107135,37.63,22,2.63,2.89,78.63
563,Beaverton,1134.62,85226,31.51,40,42.88,9.5,62.25
564,Tengger,1384.67,165140,59.83,25,17.14,3.18,68.92
565,Nancha,1258.62,131554,34.42,23,37.96,19.52,57.26
566,Borås,1540.43,125201,31.72,21,19.56,6.28,74.78
567,Vrbice,1064.72,183675,59.25,31,3.19,3.06,73.21
568,Bŭka,1025.89,170122,44.23,33,10.32,1.4,87.2
569,Samayac,1561.39,141145,55.54,25,39.47,15.02,64.24
570,Longsheng,1324.13,198662,30.7,31,10.34,4.72,88.05
571,Akure,1012.05,181724,34.06,37,27.71,8.57,81.32
572,Metulla,1823.84,158363,27.94,25,48.83,4.37,66.76
573,Qinshan,1620.19,88168,25.02,34,7.77,21.38,86.61
574,Bragança Paulista,1183.5,127154,28.92,23,8.65,10.25,65.95
575,Shanshi,1681.14,130648,20.15,33,36.31,6.06,55.17
576,Zelenchukskaya,1472.56,136924,26.24,26,20.66,20.36,89.44
577,Xinjiang,885.6,225539,44.73,30,7.83,9.27,77.24
578,Kotido,1908.26,61104,53.94,30,32.39,7.98,85.89
579,Balice,952.9,135766,22.2,29,4.67,2.4,72.01
580,Borovikha,1791.73,108401,32.83,21,47.38,1.67,82.78
581,San Rafael Abajo,1040.47,192959,57.57,19,13.31,23.18,85.85
582,Citatah Kaler,978.73,61253,30.63,40,43.42,2.08,61.81
583,Kholm,1712.1,183095,59.82,25,49.57,24.07,66.49
584,Xiaodukou,938.66,236536,44.96,40,33.64,8.28,60.84
585,Blon’,1802.7,234377,34.65,21,10.53,16.64,72.18
586,Hejiaping,1753.83,71110,25.11,40,40.58,13.84,60.08
587,Saku,1841.51,187667,59.88,22,42.87,15.89,60.84
588,Jiuxian,1023.52,88131,48.27,25,13.47,2.75,73.35
589,Bhamdoûn el Mhatta,1539.39,120953,31.29,21,35.66,7.15,58.06
590,Pallanchacra,1457.22,172016,41.09,36,32.09,6.55,52.86
591,Pariaman,1631.61,233367,29.36,26,23.21,9.86,86.94
592,Yalkhoy-Mokhk,954.31,63888,27.21,35,20.21,15.16,66.27
593,Bluefields,1419.59,65338,58.88,25,9.67,22.71,52.9
594,Hanfeng,725.87,62901,19.05,30,25.41,7.27,52.63
595,Panaitólion,791.04,151516,28.4,34,45.48,19.06,64.94
596,Cam Lâm,923.93,197097,17.75,37,3.99,20.25,61.96
597,Bojongaren,1032.21,101695,32.41,24,27.11,8.32,57.74
598,Patenongan,1453.49,70224,38.66,36,41.19,21.79,73.25
599,Okazaki,1636.6,82899,54.94,25,42.27,23.06,89.64
600,Maykor,1258.83,140584,50.29,24,34.0,3.64,68.56
601,Souto,1984.13,168982,17.78,22,43.24,23.95,74.95
602,Deir Ḥannā,1242.75,54983,31.38,30,17.68,22.6,64.09
603,Świlcza,736.68,145103,30.66,23,17.22,9.28,63.73
604,Nanam,1559.87,192588,58.88,38,8.07,20.92,63.78
605,Svyatogorsk,1286.01,204887,36.39,37,19.42,11.44,71.85
606,Kumbo,1458.1,180338,54.83,21,38.0,17.41,70.76
607,Oyskhara,1460.28,174434,37.52,20,28.16,12.02,50.93
608,Plateliai,973.34,137273,29.5,39,41.84,23.33,75.11
609,Ituberá,1336.87,120589,16.43,30,27.42,13.28,85.74
610,Tapada das Mercês,1406.52,63462,50.27,38,22.54,21.62,80.71
611,New York City,1966.62,166496,51.9,18,49.96,22.55,68.42
612,Klippan,1729.25,101343,50.04,18,32.56,13.39,70.68
613,Povarovo,1995.76,101636,53.31,25,3.02,6.73,54.14
614,Pando,1263.92,152543,16.02,39,41.44,20.86,86.68
615,Xiwu,896.92,116246,39.47,33,28.41,5.57,51.71
616,Zaragoza,1677.08,145298,38.03,20,36.57,21.65,67.15
617,Ngkiong,714.46,148875,32.67,20,6.01,1.83,84.45
618,Türkmenabat,1786.73,123976,41.49,18,21.44,19.84,57.05
619,At Tall al Kabīr,792.95,236703,31.64,26,33.02,15.49,62.24
620,Şūrān,1516.91,222007,56.25,33,24.51,12.12,51.91
621,Castlebellingham,827.86,64921,23.44,39,22.99,23.24,63.41
622,Flora,913.44,211168,17.95,33,21.71,11.18,74.73
623,Rumilly,1310.23,217022,56.37,25,11.9,2.24,72.75
624,Kertosari,761.33,94741,52.71,28,45.86,18.3,81.18
625,Zolotyy Potik,984.03,226648,45.94,23,44.88,10.03,74.03
626,Monaghan,1445.07,72406,30.8,31,26.48,23.27,60.81
627,‘Eilabun,762.01,223221,37.05,26,20.19,23.86,75.56
628,Sultan Kudarat,1600.13,191024,44.63,40,12.13,1.45,74.08
629,El Pino,1938.78,170725,37.34,40,18.02,15.71,89.24
630,Port Glaud,1572.24,189616,15.86,39,7.91,21.19,61.13
631,Leceia,837.36,202780,28.21,34,44.57,15.89,79.55
632,Baojia,1164.73,118242,52.01,22,27.3,17.28,75.54
633,Tromsø,1948.03,59244,19.21,23,4.05,19.81,59.97
634,Empedrado,1885.0,181884,42.85,22,17.48,16.68,58.24
635,Dallas,1321.45,112289,30.24,38,7.21,12.16,68.2
636,Fontainhas,888.49,209794,37.05,28,29.06,1.19,61.68
637,Hekou,1401.65,94386,15.79,19,15.32,9.89,72.73
638,Créteil,1977.16,72749,39.43,22,7.13,7.29,66.06
639,Nowy Staw,1584.94,83432,35.15,31,38.86,3.44,60.65
640,Paris La Défense,748.97,161248,58.16,28,49.1,19.14,82.05
641,Amassoma,1248.9,165745,26.81,34,42.52,1.91,69.4
642,Cibeureum,1624.75,135307,17.28,18,30.89,22.18,62.03
643,Nong Muang,1774.23,179210,29.9,31,45.42,8.33,78.57
644,Bangkok,1055.27,68069,47.45,33,29.12,24.83,54.2
645,Hulyaypole,1739.68,241882,35.38,40,30.87,19.45,56.88
646,Sampangan,700.53,70344,48.82,26,21.65,9.68,73.25
647,Duwayr Raslān,764.79,246688,45.21,27,16.51,1.94,77.48
648,Alcoy,714.65,233851,34.74,25,28.8,6.88,83.7
649,Mizque,1225.24,113285,20.18,26,7.13,2.82,85.8
650,Amboasary,883.22,66728,51.85,29,14.36,5.83,75.09
651,Botigues,1774.85,68100,54.23,40,45.03,17.24,72.54
652,General Elizardo Aquino,778.44,165021,32.55,24,26.15,12.12,78.57
653,Besançon,1126.51,214313,42.32,37,17.93,18.21,86.99
654,Jelbuk,1403.68,82487,49.83,31,35.26,22.85,56.75
655,Sūq Sibāḩ,1954.1,128550,34.95,25,37.02,19.96,81.15
656,Milwaukee,1364.24,146566,19.66,32,42.1,22.58,84.17
657,Schellenberg,1497.62,168362,32.41,40,4.14,20.5,67.04
658,Annecy,1038.9,200583,54.41,24,8.33,6.04,69.95
659,Fovissste,837.19,224704,35.15,25,6.91,21.55,58.78
660,Karangparwa,1013.79,73952,54.22,33,46.06,6.71,66.92
661,Sirib,963.75,80276,53.93,28,47.78,24.79,75.14
662,Kongkeshu,706.77,183709,31.85,40,28.8,17.79,61.62
663,Wabana,1363.6,232172,47.02,23,8.41,7.5,54.92
664,Rybnoye,1336.1,76760,52.36,25,34.45,21.26,59.58
665,Lanckorona,1714.95,153659,29.44,19,6.82,15.22,51.04
666,Gimcheon,998.18,242416,20.22,35,8.44,15.53,65.19
667,Al Ḩāmūl,1621.82,235072,26.22,33,19.37,18.37,55.38
668,Lyon,1387.92,193044,38.42,23,47.84,14.05,67.01
669,Meicheng,1913.28,196840,29.23,22,4.05,22.08,88.03
670,Otorohanga,1886.0,180409,37.06,38,5.2,4.62,82.46
671,Marcala,888.23,204748,54.66,26,12.2,11.29,70.18
672,Sardoal,1359.09,102990,35.89,37,49.01,4.14,64.61
673,Baltimore,1917.05,158048,18.91,20,39.44,7.67,55.21
674,Ribamar,1156.83,81475,43.58,31,48.12,2.82,55.2
675,Lương Bằng,1576.82,68459,48.41,20,36.69,20.86,53.35
676,Esmeralda,1298.14,96256,59.55,24,33.13,13.22,74.91
677,El Alto,1754.4,239288,19.78,37,6.55,11.32,51.35
678,Zhangwan,1845.1,230580,53.92,26,4.06,2.43,58.53
679,Watsa,1201.07,109215,44.38,35,28.46,10.19,88.78
680,Juli,1594.08,206183,39.74,24,9.59,7.34,85.52
681,Cupira,1520.09,169549,48.83,39,14.78,8.37,83.12
682,Huddinge,899.54,191255,46.08,31,49.38,22.95,55.76
683,Laleng,917.36,86062,16.05,26,34.47,15.0,58.86
684,Saint Joseph,873.45,185232,39.87,25,5.8,3.74,65.3
685,Zhongshu,1528.04,193194,16.83,36,10.11,8.12,82.37
686,Dolní Dvořiště,1263.86,235976,45.85,37,38.08,6.04,76.65
687,Saint-Lambert-de-Lauzon,1794.41,208327,30.58,31,16.57,6.17,63.76
688,Nedryhayliv,943.98,164624,48.23,24,22.53,11.77,76.95
689,Pinglin,1604.38,148503,55.09,40,31.05,24.4,85.09
690,Cavaillon,1547.31,134132,15.93,29,33.6,7.87,60.18
691,Porto de Mós,1261.81,166658,59.94,18,20.52,24.73,84.65
692,Kutampi,1693.15,96107,50.11,20,9.71,20.77,83.97
693,Umbanyar,1977.95,137591,56.9,36,27.7,5.25,56.88
694,Köln,1801.9,168508,34.01,33,8.76,6.27,83.66
695,Rzhavki,905.24,155322,24.36,28,28.16,8.18,84.1
696,Shuangzhu,1873.52,113088,30.02,39,5.8,16.13,87.49
697,Kalepasan,961.61,99014,41.27,25,43.63,17.96,70.86
698,Sarmanovo,1364.05,51293,38.85,24,12.47,23.65,85.31
699,Přibyslav,1888.76,71304,53.15,28,12.45,21.4,54.36
700,Inowrocław,1486.69,204676,19.03,37,35.02,12.83,67.53
701,Ngou,1711.68,186135,52.5,39,16.34,2.93,67.51
702,Daet,1739.45,210797,29.44,39,17.1,20.55,81.72
703,Hehe,1153.98,107864,16.84,20,1.43,12.73,64.99
704,Wangunsari,1406.51,78470,32.82,21,19.45,20.87,89.63
705,Aswan,779.44,121104,41.38,25,15.68,1.14,50.04
706,Carcarañá,733.32,181933,32.24,25,45.99,7.5,55.25
707,Chengnan,1987.66,169765,53.34,36,7.48,8.2,52.9
708,Zhlobin,1205.82,170821,36.42,33,11.49,7.01,77.06
709,Balekambang,1844.61,138693,25.27,32,48.81,10.38,78.7
710,Podgórzyn,1994.15,211646,55.02,39,44.43,10.96,69.96
711,Pitogo,1903.63,138982,40.29,23,21.21,9.47,65.76
712,Tsirang,1820.29,238574,32.4,28,20.95,15.96,50.26
713,Aveleda,1437.08,129898,19.61,38,12.2,15.53,56.01
714,Xishan,1425.47,241392,27.38,21,1.02,10.61,55.78
715,Xinshi,1810.74,113672,59.74,26,2.28,24.25,56.92
716,Dembeni,1057.64,224526,50.03,26,39.77,13.68,55.58
717,Severnoye,1251.37,55485,52.47,29,25.19,15.01,89.69
718,Cojutepeque,1552.24,140695,42.63,27,36.53,8.11,55.21
719,Vostochnyy,1528.63,129403,59.9,27,41.89,4.66,53.99
720,Kalininaul,914.53,216639,38.35,21,36.56,10.35,88.64
721,Åtvidaberg,1242.12,180374,28.77,32,10.37,22.94,52.63
722,Sipirok,1817.58,131636,35.1,33,46.68,15.64,75.77
723,Lhasa,1368.78,179828,38.9,20,1.57,7.55,83.44
724,Bunda,1760.73,119730,20.62,40,38.11,21.0,79.83
725,Nakhchivan,828.75,198456,28.16,35,46.26,17.91,79.65
726,Francisco Beltrão,1045.73,209295,25.88,27,7.45,20.31,88.69
727,La Paz,1743.75,149139,30.93,36,47.7,23.77,70.88
728,Maseru,1493.59,154158,56.94,24,45.08,12.89,51.74
729,Cristalina,1519.49,203364,42.85,26,3.96,18.57,76.98
730,Sirnarasa,1697.46,134277,45.65,36,1.11,19.74,79.71
731,Funchalinho,741.25,223009,21.41,33,9.67,18.7,72.67
732,Oriximiná,1356.15,127346,29.9,26,8.69,4.37,57.25
733,Yangiqo‘rg‘on,1268.34,148118,52.72,33,23.98,23.91,54.59
734,Kilkís,1785.51,209988,20.82,33,26.85,8.64,73.18
735,Bobigny,1790.94,50945,43.47,28,37.36,24.75,76.11
736,Leopoldina,1116.31,240384,39.17,19,45.14,1.66,67.74
737,Belyye Stolby,1602.19,81121,23.27,34,30.9,22.98,76.15
738,Vurğun,1382.2,52975,31.83,32,49.43,10.78,64.29
739,Cicurug,843.2,212498,44.61,36,12.83,11.92,50.25
740,Fushë-Bulqizë,1650.26,197469,42.47,25,22.81,15.67,70.71
741,Bonga,1928.76,140195,51.58,18,49.09,20.38,78.37
742,Masaya,1103.83,136526,37.37,38,17.22,19.26,64.57
743,Marseille,1638.34,218197,29.48,31,21.08,6.42,65.97
744,Ilo,1703.29,169561,24.51,24,49.6,11.3,77.77
745,San José de Ocoa,1701.4,209201,33.07,40,33.89,5.75,53.14
746,Yuecheng,1213.97,140881,40.3,37,17.96,16.61,71.68
747,Baiyang,1851.16,119254,46.94,38,7.2,3.4,89.0
748,Pechersk,1917.37,88927,47.98,23,38.36,11.35,73.91
749,Nobinobi,1053.33,157738,29.53,25,22.05,10.43,81.49
750,Lagoa,1706.59,242557,16.42,29,36.92,21.56,83.27
751,Hachiōji,767.51,54165,55.0,23,48.86,16.54,64.41
752,Pucangkrajan,976.48,194685,33.57,35,1.85,22.45,83.14
753,Montelíbano,907.68,113434,33.39,18,41.31,17.69,79.04
754,Tominian,1803.33,171318,21.25,24,6.41,6.77,59.45
755,Olsztyn,1427.38,85407,45.63,26,9.01,21.66,61.39
756,Ngou,1367.26,157658,29.21,28,45.42,22.06,61.18
757,Khoroshëvo-Mnevniki,983.39,176556,55.01,28,10.9,4.74,52.04
758,Wiang Nuea,1064.71,174928,55.14,40,10.81,4.22,65.76
759,Três Coroas,1338.3,173476,42.98,40,7.8,19.0,81.98
760,Radnice,1330.15,70017,19.78,20,39.01,20.33,85.71
761,Kalibo (poblacion),713.51,236308,15.52,18,10.38,6.67,68.24
762,Palmerston North,1354.58,108750,30.48,40,5.52,8.13,78.89
763,Gongrong,1217.2,174551,29.68,29,7.4,21.77,69.47
764,Aizhai,797.23,63320,53.57,24,3.74,3.78,79.36
765,Veinticinco de Mayo,1964.2,137536,43.56,24,5.14,9.99,60.66
766,Thạnh Phú,1570.26,228032,41.52,29,13.21,14.76,64.92
767,Diavatós,1669.57,242850,49.72,39,47.88,4.54,81.58
768,Leuwihalang,1940.66,153705,16.6,33,25.57,16.32,54.17
769,Shibīn al Qanāţir,1753.79,120685,35.53,35,2.46,23.2,58.4
770,La Falda,744.95,177185,28.39,28,22.33,15.74,57.91
771,Lófos,1101.8,167043,20.52,27,19.77,17.82,61.01
772,Saint Cloud,967.43,72834,37.9,40,2.51,7.37,63.4
773,Sabnie,1014.43,115012,52.14,25,6.88,22.71,80.19
774,Florencio Varela,1503.22,74463,33.39,22,1.53,12.06,77.1
775,Rochester,1682.14,121133,51.06,26,25.41,9.22,64.34
776,Bajingmeduro,928.06,179928,29.55,31,19.89,9.35,64.36
777,Pontivy,1384.49,66716,46.14,36,39.96,2.64,56.34
778,Sukarama,908.68,239333,44.84,21,3.53,22.89,67.22
779,Sekolan,908.94,80362,32.05,35,33.71,18.28,74.35
780,Boquira,1466.21,80872,28.71,22,41.3,7.48,64.81
781,Songjiang,1849.71,68224,26.0,31,44.73,4.62,75.36
782,Tambov,1841.0,179519,23.5,23,5.78,1.96,56.08
783,Dusit,762.34,195687,32.18,33,19.18,14.06,68.6
784,Abejorral,1061.63,56835,53.69,26,1.59,24.89,65.4
785,Markaz-e Ḩukūmat-e Darwēshān,1123.6,152960,35.31,37,18.5,15.15,63.04
786,Zaragoza,1983.48,184314,48.86,33,39.88,7.66,78.55
787,Xinxing,1876.97,73633,47.22,37,14.92,12.2,72.67
788,Shangxian,1004.89,59345,25.46,27,3.74,4.27,65.95
789,Mayang,882.74,97895,40.29,37,6.55,5.22,66.85
790,Shreveport,820.65,242677,38.99,40,22.98,5.46,59.28
791,Sila Lat,1624.7,161273,46.36,29,36.22,15.02,74.54
792,Oesao,936.55,53469,21.08,34,11.12,17.0,61.21
793,Yiyang,1926.24,161928,54.96,30,34.23,5.48,78.86
794,Laiponda,781.79,140459,40.09,33,10.17,17.86,71.56
795,Cayenne,1158.88,78912,16.99,29,24.98,18.92,59.45
796,Lazaro Cardenas,762.5,92172,21.16,32,44.02,10.36,51.7
797,Maodao,1983.88,119359,16.5,36,35.8,8.81,79.33
798,Karanggintung,1373.79,88476,26.89,35,28.28,4.74,55.85
799,Lyon,1316.69,214358,30.94,26,28.57,14.97,73.72
800,Älvsbyn,999.36,143124,44.61,23,32.06,13.36,55.12
801,Sosnovo-Ozerskoye,1358.64,204281,22.82,32,41.69,20.54,77.39
802,Francisco Villa,980.05,211302,36.9,22,30.33,18.24,72.87
803,Jiangbu,1331.16,106906,52.39,26,1.48,24.63,86.4
804,Čáslav,1418.79,179482,52.72,38,49.44,15.82,58.39
805,Mityana,1561.01,95836,47.75,21,1.06,20.54,75.95
806,Tlogowungu,900.6,168876,59.18,32,34.73,9.47,87.23
807,Carman,1672.1,133401,28.42,37,25.6,4.86,59.72
808,Dongtou,1114.44,152259,34.88,34,10.96,8.09,68.05
809,Horred,1331.64,164774,15.13,34,1.83,20.64,84.65
810,Manhush,1045.13,91977,18.51,22,37.11,8.83,64.92
811,Cajuru,702.02,210139,54.0,29,18.32,19.33,70.0
812,Songhu,1449.04,106576,49.96,36,16.33,20.63,64.32
813,Gnieżdżewo,735.78,237506,46.7,39,24.97,19.07,70.14
814,Benoy,910.14,196973,36.93,25,32.66,4.76,71.79
815,Princeville,778.86,152922,38.9,19,43.41,10.11,54.27
816,Boulsa,1379.66,55933,50.44,18,22.01,10.42,58.5
817,Paris 01,1523.95,135548,44.07,18,32.77,13.71,53.43
818,Colorado Springs,1863.18,148507,58.44,40,13.85,15.13,84.23
819,Altares,1047.97,116666,33.61,30,38.1,9.07,60.62
820,Seto,1869.46,124642,24.12,24,17.66,7.96,58.81
821,Fovissste,1544.35,95803,38.93,27,18.41,16.0,68.94
822,Jiaoxiyakou,1881.83,184547,47.24,27,37.56,21.81,89.54
823,Xilin,1053.22,227866,23.28,24,44.38,16.08,58.21
824,Oyem,701.74,55823,52.96,40,6.6,8.62,66.99
825,Fécamp,999.99,86668,50.28,38,5.15,15.33,59.72
826,Sindangheula,883.12,153033,54.64,19,42.09,6.15,75.62
827,Blobo,1808.75,125317,43.64,32,47.12,24.43,76.86
828,Oriximiná,1449.38,177500,52.52,32,18.18,15.65,66.83
829,Yunji,1597.24,112515,31.82,39,32.8,3.81,88.8
830,Tiền Hải,1706.22,164547,38.86,22,14.15,7.98,85.19
831,Wa’erma,1668.74,81511,47.6,36,36.11,4.64,88.88
832,Val-de-Reuil,1002.42,236186,54.81,31,47.12,23.51,85.28
833,Dongxi,727.95,60569,58.28,32,43.52,11.97,89.29
834,Kuala Lumpur,1100.55,86469,19.83,34,7.53,8.79,54.66
835,Rafael Hernandez Ochoa,1146.8,184439,41.04,30,41.78,20.57,85.74
836,Liushun,1025.66,65963,25.44,34,34.04,5.36,69.61
837,Linköping,1884.4,211408,53.38,26,26.52,4.04,61.63
838,Kayunga,1579.41,96231,49.67,29,49.26,23.9,80.13
839,Shumikhinskiy,1625.72,107781,57.68,37,26.69,23.06,53.7
840,Várzea de Sintra,1094.0,214462,17.74,21,45.7,12.21,51.39
841,Jomboy,1230.8,204060,51.35,20,42.29,15.88,69.33
842,Venda,1546.74,162498,15.37,35,28.8,10.89,87.51
843,Ilyich,1286.53,60178,47.01,24,7.14,17.52,79.07
844,Kamakura,709.59,132588,25.69,38,1.32,17.38,76.62
845,Apongo,1249.08,157362,17.97,30,36.6,19.85,74.13
846,Ea Drăng,1807.82,145722,48.06,24,47.29,21.91,77.69
847,Ani-e,1808.18,199297,52.9,25,6.28,1.26,85.56
848,Kota Kinabalu,1332.05,77466,24.4,18,48.82,5.35,78.73
849,Ballymahon,1087.45,83316,16.31,21,33.95,24.43,85.28
850,Hayange,1916.49,62175,49.64,38,30.59,8.9,65.39
851,Wudabao,1103.3,230300,50.89,28,26.55,1.07,86.98
852,Ngelak,938.92,162132,31.05,33,16.56,8.06,62.06
853,Gukovo,1562.34,122094,46.16,35,24.97,13.62,70.87
854,La Guata,1443.79,166162,17.08,20,9.17,5.32,77.71
855,Nerekhta,1117.06,72060,26.5,35,17.07,9.98,59.36
856,Hongqi,1571.24,152302,32.97,22,49.56,13.68,55.54
857,Privas,1001.52,113199,28.97,25,39.41,21.98,74.89
858,Balzan,924.49,123663,31.19,31,30.87,17.65,71.22
859,Abuochiche,1849.78,114817,19.08,21,19.27,1.87,59.11
860,Henghe,1866.1,77984,20.26,30,21.62,24.69,89.05
861,Memphis,1966.3,207838,53.82,19,13.02,13.9,61.72
862,Novozybkov,1906.0,232617,33.2,25,27.25,3.06,79.03
863,Hewa,923.45,167109,52.97,28,42.39,2.65,50.11
864,Ōtsu-shi,733.71,193692,53.11,38,39.45,17.67,50.36
865,Pelotas,1461.33,204800,52.12,37,29.01,9.15,89.24
866,Sumbergedong,1421.99,124003,28.74,39,29.26,22.23,54.69
867,Borowno,771.97,185167,37.05,40,11.81,4.67,82.21
868,Sliema,715.29,135548,55.91,22,39.95,8.61,79.54
869,Mukdahan,1255.56,243898,22.28,37,11.83,18.09,53.48
870,Mirovka,1954.79,166532,44.62,26,6.31,23.87,76.75
871,Pa Bon,1449.49,217926,23.93,28,33.72,22.61,71.15
872,Yanjiatai,1402.39,142150,30.29,36,49.4,17.19,61.65
873,Jifeng,1412.76,199029,40.57,30,25.67,22.62,57.32
874,Roblin,726.65,159434,17.98,26,24.78,20.33,82.82
875,Golubac,1023.91,153787,39.27,34,24.25,22.92,86.08
876,Halmstad,882.75,113079,51.5,39,41.81,14.02,58.88
877,Mokil,916.13,127514,20.35,23,37.7,18.07,82.03
878,Nanchangshan,756.49,52650,49.38,24,22.19,24.55,75.04
879,Beiqiao,1472.34,63448,53.32,24,21.43,23.62,82.54
880,Grabów nad Prosną,1149.75,122805,23.26,23,43.44,22.17,72.22
881,Tsengel,1629.4,105026,41.78,28,22.63,11.85,75.07
882,Pinayagan Norte,1327.18,92814,56.26,29,21.2,7.58,52.44
883,Macapá,1981.05,167109,56.32,38,7.06,4.99,56.02
884,Vyritsa,1275.32,216172,46.92,34,38.46,6.7,66.53
885,Dhromolaxia,1950.37,197409,39.75,25,48.06,11.27,55.87
886,Reading,928.86,122232,59.0,21,23.0,12.17,70.74
887,Tula,1635.36,65326,26.41,37,21.84,18.24,54.05
888,Yongning,1988.1,245643,19.57,38,21.76,7.7,78.2
889,Kota Kinabalu,1040.31,180546,20.87,33,39.15,14.19,63.84
890,Casa Nova,1747.33,209606,51.43,40,31.11,6.69,58.61
891,Mendenrejo,1280.77,105219,38.18,33,28.7,2.33,53.06
892,Sinanju,1448.49,144296,36.18,35,22.47,24.19,72.08
893,Lions Bay,1694.75,245895,58.83,29,29.9,15.58,67.85
894,Topchikha,1565.41,70254,26.76,34,13.5,10.68,60.52
895,Zarichchya,1546.75,58166,34.67,21,40.4,17.48,54.68
896,Monte Novo,1842.3,161536,32.31,27,46.19,23.07,56.76
897,Wentugaole,1105.87,62877,29.13,28,46.59,1.38,73.41
898,Panalingaan,1613.75,228306,41.5,37,33.97,7.59,67.53
899,Kalej,1091.86,172182,39.95,31,46.61,6.64,53.38
900,Wakaseko,1478.28,207993,28.44,30,33.48,15.88,66.25
901,Casuguran,1815.28,136516,50.42,26,27.74,20.81,70.46
902,Tambovka,1725.79,105431,41.9,29,8.09,12.5,54.96
903,Polonnaruwa,1804.97,223537,22.32,25,16.22,2.06,86.9
904,Jacarezinho,860.26,113756,31.66,39,26.15,16.99,67.81
905,Santa Catalina,940.05,182594,24.16,29,44.91,4.77,76.87
906,Abobo,726.18,215865,31.09,21,35.1,4.53,83.64
907,Jiazhi,1376.78,211223,38.43,22,19.1,3.79,86.17
908,Kanáli,1440.14,233060,29.25,33,30.86,17.8,84.62
909,Hod HaSharon,1059.47,155650,22.52,37,7.8,10.63,83.09
910,Fangtian,1640.95,174906,31.77,32,43.25,6.89,62.56
911,Cuauhtemoc,1723.04,73603,34.13,18,49.37,1.78,52.11
912,Saripin,1699.15,212429,40.79,39,17.81,11.58,74.7
913,Pondokrejo Wetan,1010.29,122933,22.97,18,14.11,4.47,60.23
914,Espírito Santo do Pinhal,1881.77,137210,30.69,20,45.09,3.35,84.54
915,Pulopaya,1084.81,102900,32.76,25,28.39,19.29,69.19
916,Biała Piska,1902.58,215452,37.05,39,16.19,5.53,53.19
917,Beizhakou,1321.19,173684,41.36,29,38.02,14.21,84.25
918,Hetou,925.77,134650,56.66,36,3.84,8.75,66.12
919,Jiuxian,1803.42,59414,49.21,30,18.9,15.12,59.56
920,Helsingborg,1897.81,60124,26.64,30,30.19,13.09,89.81
921,Coronel Fabriciano,1279.96,80077,15.78,33,11.36,1.55,82.7
922,Selishche,1994.46,76983,21.45,18,14.31,7.49,73.96
923,Tshaneni,1551.11,112617,54.58,24,42.48,16.87,88.26
924,Viljandi,1949.33,104731,34.52,19,3.92,3.23,57.4
925,Giedlarowa,1745.78,239827,30.27,30,3.59,8.93,88.09
926,Colorado Springs,1122.92,93551,46.01,36,8.9,1.49,81.35
927,Vrbice,1694.15,218851,26.31,19,46.53,10.89,73.5
928,Bakar,1192.99,177251,47.54,25,32.11,21.24,50.33
929,Donglu,911.06,244929,28.07,29,4.15,13.25,78.48
930,Konstancin-Jeziorna,1659.36,92515,37.29,23,46.39,3.82,85.72
931,Sexmoan,1445.2,143790,44.9,31,44.96,12.79,63.24
932,Zhangjiachang,1065.47,179241,17.76,18,40.55,6.2,85.06
933,Ikoma,1786.74,90362,21.77,27,38.0,7.24,76.23
934,Sirinhaém,1367.38,130572,56.7,29,36.05,9.44,87.59
935,Hechuan,1923.11,72631,25.76,36,23.23,5.73,83.04
936,Birendranagar,1632.52,56163,45.37,21,15.61,18.16,73.47
937,Chistopol’,1622.05,166033,33.07,37,45.99,22.86,66.51
938,Bebandem,1631.25,85501,57.67,30,20.67,24.92,66.6
939,Touho,997.93,69119,40.12,25,49.95,24.37,68.43
940,Fengniancun,830.46,82485,20.28,23,16.24,8.42,52.35
941,Gabi,1916.59,143725,18.82,28,22.52,14.25,63.93
942,Thị Trấn Tam Điệp,1912.76,100902,39.29,37,25.94,14.44,68.48
943,Panzhuang,1272.43,220970,17.76,32,7.03,6.94,88.29
944,Silago,1443.01,85609,52.23,29,31.6,6.01,80.66
945,Azogues,1371.36,168640,55.2,40,42.63,24.95,65.57
946,Jingmao,1668.28,249056,25.16,28,7.25,3.13,85.64
947,Sendang,754.67,195005,37.1,35,24.7,5.74,50.33
948,Kogon,729.09,101118,35.07,36,8.39,3.26,73.57
949,Jiguan,877.25,152396,45.44,28,28.8,18.55,50.95
950,Paris 17,1979.11,177243,31.41,37,11.4,13.45,66.55
951,Wydminy,1226.17,151374,16.08,18,12.58,22.5,89.63
952,Sundsvall,1576.0,52897,37.08,30,31.88,9.92,69.87
953,Palaiseau,1539.41,205450,20.86,37,37.77,5.9,52.61
954,Zawiya,1210.62,129816,25.71,36,20.97,16.15,83.95
955,Karlstad,823.66,178330,44.57,25,10.4,20.22,68.32
956,Bueng Kum,1017.94,190775,19.07,22,27.79,16.33,84.04
957,Banyupoh,1057.22,67323,18.87,32,5.29,14.7,55.76
958,Sakule,1240.75,50903,51.38,30,46.45,13.29,58.03
959,Bërxull,1018.57,108634,23.28,24,25.94,19.11,55.05
960,Lyuboml’,1820.65,141401,38.02,25,39.02,4.15,89.12
961,Birnin Kebbi,1669.46,158762,45.32,34,3.24,20.31,65.29
962,Sriwing,1931.16,187547,47.45,30,1.56,14.81,71.14
963,Schœlcher,1575.96,159687,23.77,26,30.04,11.74,71.65
964,Poctol,1778.53,115674,16.05,37,34.66,20.9,77.31
965,Bilad,1064.72,234110,19.49,25,29.16,1.8,50.06
966,Albuquerque,1835.59,193461,25.48,35,30.9,13.65,62.13
967,Gandu,1631.06,196019,56.62,37,38.69,2.97,69.08
968,Bujanovac,1769.29,215203,41.09,39,47.84,8.86,70.07
969,Qujiang,1251.01,164552,59.73,23,32.52,21.53,51.53
970,Kozova,1142.3,175848,44.86,24,4.73,19.63,77.43
971,Trairi,1290.07,193079,20.57,26,25.31,7.13,76.72
972,Huangtu,1858.93,97534,25.56,28,43.74,7.97,75.3
973,Colonias Unidas,1870.25,173511,41.37,35,6.74,17.12,75.47
974,Borucin,1767.37,128907,28.74,21,12.51,6.89,89.27
975,Yuyangguan,1551.19,171902,35.37,27,49.67,6.84,68.86
976,Talisay,847.04,208954,15.73,24,31.48,5.86,78.16
977,San Vicente,817.39,155463,56.3,25,11.72,24.23,89.55
978,Mengzhai,1864.45,210159,38.03,22,40.32,1.56,77.06
979,Rio das Pedras,1219.5,115258,51.06,27,47.55,20.8,51.2
980,Fenghuanglu,1940.78,104161,32.27,39,37.49,13.91,75.22
981,Saint Andrews,1681.65,215958,51.43,24,24.04,3.4,75.26
982,Boshchorbogh,1325.17,133368,55.88,22,13.65,22.45,68.18
983,Enrile,1205.45,128626,40.71,24,11.38,4.7,85.92
984,Parigi,1032.77,120326,17.08,19,36.41,10.44,74.01
985,Bartošovice,814.65,235141,51.46,29,39.11,11.19,88.16
986,Shijing,1498.49,50658,58.83,35,14.74,4.02,77.62
987,Markowa,862.26,221206,18.18,20,47.24,11.72,54.49
988,Rancagua,1289.53,234229,15.74,32,29.26,3.9,60.9
989,Esperanza,1612.67,107774,48.3,23,25.24,15.8,51.63
990,Nagano-shi,1516.32,58152,51.87,21,15.8,8.36,62.4
991,Coolock,1865.49,193383,49.78,20,35.42,13.18,72.17
992,Xianyan,1161.55,141304,40.37,32,47.58,9.76,62.68
993,Santa Luzia,1546.29,192538,41.2,33,5.9,7.26,74.91
994,Alistráti,1102.64,110496,38.51,19,2.87,8.17,77.88
995,Bayuin,1310.44,191288,44.98,23,38.55,3.46,79.65
996,Qinghua,1215.24,82297,20.56,30,4.91,7.07,56.02
997,Zhukovskiy,1302.09,82570,45.85,26,8.26,17.13,82.73
998,Halmstad,1306.86,226324,32.96,23,15.15,19.3,87.5
999,Flen,1975.85,68658,26.02,38,13.34,7.18,55.8
1000,Al Hijrah,1791.2,182207,18.26,29,30.54,13.27,59.26
